HR,Time Stamp,
57,1548340200,1/24/19 14:30
56.5,1548340201,1/24/19 14:30
62.33,1548340201,1/24/19 14:30
62,1548340201,1/24/19 14:30
66.2,1548340202,1/24/19 14:30
69,1548340203,1/24/19 14:30
70.86,1548340203,1/24/19 14:30
72.62,1548340204,1/24/19 14:30
73.56,1548340204,1/24/19 14:30
74.3,1548340205,1/24/19 14:30
75.09,1548340205,1/24/19 14:30
75.83,1548340206,1/24/19 14:30
76.46,1548340206,1/24/19 14:30
77.43,1548340207,1/24/19 14:30
78.27,1548340207,1/24/19 14:30
79,1548340208,1/24/19 14:30
79.65,1548340209,1/24/19 14:30
80.22,1548340210,1/24/19 14:30
80.89,1548340210,1/24/19 14:30
81.55,1548340211,1/24/19 14:30
82.19,1548340211,1/24/19 14:30
82.77,1548340211,1/24/19 14:30
83.3,1548340212,1/24/19 14:30
83.79,1548340213,1/24/19 14:30
84.24,1548340213,1/24/19 14:30
84.65,1548340214,1/24/19 14:30
85.04,1548340214,1/24/19 14:30
85.39,1548340215,1/24/19 14:30
85.72,1548340215,1/24/19 14:30
86.07,1548340216,1/24/19 14:30
86.42,1548340216,1/24/19 14:30
86.75,1548340217,1/24/19 14:30
87.06,1548340218,1/24/19 14:30
87.32,1548340218,1/24/19 14:30
87.66,1548340219,1/24/19 14:30
87.89,1548340219,1/24/19 14:30
88.05,1548340220,1/24/19 14:30
88.18,1548340221,1/24/19 14:30
88.28,1548340221,1/24/19 14:30
88.4,1548340222,1/24/19 14:30
88.51,1548340223,1/24/19 14:30
88.64,1548340223,1/24/19 14:30
88.79,1548340223,1/24/19 14:30
88.95,1548340224,1/24/19 14:30
89.11,1548340225,1/24/19 14:30
89.26,1548340226,1/24/19 14:30
89.4,1548340226,1/24/19 14:30
89.52,1548340227,1/24/19 14:30
89.63,1548340228,1/24/19 14:30
89.72,1548340228,1/24/19 14:30
89.76,1548340228,1/24/19 14:30
89.79,1548340229,1/24/19 14:30
89.81,1548340230,1/24/19 14:30
89.81,1548340231,1/24/19 14:30
89.8,1548340231,1/24/19 14:30
89.79,1548340232,1/24/19 14:30
89.74,1548340233,1/24/19 14:30
89.67,1548340233,1/24/19 14:30
89.58,1548340234,1/24/19 14:30
89.45,1548340234,1/24/19 14:30
89.87,1548340234,1/24/19 14:30
90.3,1548340235,1/24/19 14:30
90.43,1548340236,1/24/19 14:30
90.8,1548340236,1/24/19 14:30
90.85,1548340237,1/24/19 14:30
90.92,1548340238,1/24/19 14:30
91.02,1548340239,1/24/19 14:30
91.07,1548340240,1/24/19 14:30
91.2,1548340240,1/24/19 14:30
91.33,1548340240,1/24/19 14:30
91.43,1548340241,1/24/19 14:30
91.52,1548340241,1/24/19 14:30
91.58,1548340242,1/24/19 14:30
91.55,1548340243,1/24/19 14:30
91.5,1548340243,1/24/19 14:30
91.43,1548340244,1/24/19 14:30
91.37,1548340245,1/24/19 14:30
91.28,1548340245,1/24/19 14:30
91.15,1548340246,1/24/19 14:30
91,1548340247,1/24/19 14:30
90.83,1548340247,1/24/19 14:30
90.67,1548340248,1/24/19 14:30
90.48,1548340248,1/24/19 14:30
90.28,1548340249,1/24/19 14:30
90.08,1548340249,1/24/19 14:30
89.87,1548340250,1/24/19 14:30
89.6,1548340250,1/24/19 14:30
89.27,1548340251,1/24/19 14:30
88.9,1548340252,1/24/19 14:30
88.52,1548340252,1/24/19 14:30
88.12,1548340253,1/24/19 14:30
87.7,1548340254,1/24/19 14:30
87.3,1548340254,1/24/19 14:30
86.85,1548340255,1/24/19 14:30
86.33,1548340255,1/24/19 14:30
85.9,1548340256,1/24/19 14:30
85.45,1548340257,1/24/19 14:30
84.88,1548340258,1/24/19 14:30
84.4,1548340258,1/24/19 14:30
83.93,1548340259,1/24/19 14:30
83.42,1548340260,1/24/19 14:31
82.92,1548340260,1/24/19 14:31
82.4,1548340261,1/24/19 14:31
81.87,1548340262,1/24/19 14:31
81.4,1548340263,1/24/19 14:31
80.83,1548340263,1/24/19 14:31
80.35,1548340264,1/24/19 14:31
79.82,1548340264,1/24/19 14:31
79.38,1548340265,1/24/19 14:31
78.95,1548340265,1/24/19 14:31
78.28,1548340266,1/24/19 14:31
77.58,1548340266,1/24/19 14:31
77.05,1548340267,1/24/19 14:31
76.48,1548340268,1/24/19 14:31
75.95,1548340269,1/24/19 14:31
75.42,1548340269,1/24/19 14:31
74.97,1548340270,1/24/19 14:31
74.53,1548340271,1/24/19 14:31
74.13,1548340271,1/24/19 14:31
73.78,1548340272,1/24/19 14:31
73.43,1548340273,1/24/19 14:31
73.08,1548340273,1/24/19 14:31
72.75,1548340274,1/24/19 14:31
72.35,1548340274,1/24/19 14:31
71.95,1548340275,1/24/19 14:31
71.5,1548340275,1/24/19 14:31
70.98,1548340276,1/24/19 14:31
70.48,1548340276,1/24/19 14:31
69.97,1548340276,1/24/19 14:31
69.43,1548340278,1/24/19 14:31
68.92,1548340278,1/24/19 14:31
68.47,1548340279,1/24/19 14:31
68,1548340279,1/24/19 14:31
67.53,1548340280,1/24/19 14:31
67.07,1548340281,1/24/19 14:31
66.6,1548340282,1/24/19 14:31
66.15,1548340282,1/24/19 14:31
65.73,1548340285,1/24/19 14:31
65.28,1548340285,1/24/19 14:31
64.8,1548340286,1/24/19 14:31
64.32,1548340287,1/24/19 14:31
63.83,1548340288,1/24/19 14:31
63.33,1548340288,1/24/19 14:31
62.88,1548340289,1/24/19 14:31
62.4,1548340289,1/24/19 14:31
62.17,1548340290,1/24/19 14:31
62.02,1548340290,1/24/19 14:31
61.98,1548340291,1/24/19 14:31
62.02,1548340292,1/24/19 14:31
62.12,1548340293,1/24/19 14:31
62.22,1548340293,1/24/19 14:31
62.48,1548340294,1/24/19 14:31
62.72,1548340295,1/24/19 14:31
63.03,1548340295,1/24/19 14:31
63.37,1548340296,1/24/19 14:31
63.67,1548340296,1/24/19 14:31
64.03,1548340297,1/24/19 14:31
64.53,1548340298,1/24/19 14:31
64.98,1548340298,1/24/19 14:31
65.4,1548340299,1/24/19 14:31
65.87,1548340300,1/24/19 14:31
66.27,1548340301,1/24/19 14:31
66.67,1548340301,1/24/19 14:31
67.07,1548340301,1/24/19 14:31
67.38,1548340302,1/24/19 14:31
67.82,1548340302,1/24/19 14:31
68.05,1548340303,1/24/19 14:31
68.33,1548340304,1/24/19 14:31
68.48,1548340304,1/24/19 14:31
68.63,1548340305,1/24/19 14:31
68.87,1548340306,1/24/19 14:31
69.15,1548340306,1/24/19 14:31
69.28,1548340307,1/24/19 14:31
69.42,1548340307,1/24/19 14:31
69.5,1548340308,1/24/19 14:31
69.6,1548340309,1/24/19 14:31
69.68,1548340309,1/24/19 14:31
69.78,1548340310,1/24/19 14:31
70.03,1548340310,1/24/19 14:31
70.27,1548340311,1/24/19 14:31
70.45,1548340312,1/24/19 14:31
70.65,1548340312,1/24/19 14:31
70.8,1548340313,1/24/19 14:31
71.03,1548340313,1/24/19 14:31
71.2,1548340314,1/24/19 14:31
71.4,1548340314,1/24/19 14:31
71.62,1548340315,1/24/19 14:31
71.95,1548340316,1/24/19 14:31
72.28,1548340317,1/24/19 14:31
72.67,1548340317,1/24/19 14:31
73.05,1548340318,1/24/19 14:31
73.38,1548340318,1/24/19 14:31
73.73,1548340319,1/24/19 14:31
74,1548340319,1/24/19 14:31
74.25,1548340320,1/24/19 14:32
74.48,1548340320,1/24/19 14:32
74.78,1548340320,1/24/19 14:32
75.07,1548340321,1/24/19 14:32
75.38,1548340322,1/24/19 14:32
75.73,1548340322,1/24/19 14:32
76.18,1548340323,1/24/19 14:32
76.62,1548340323,1/24/19 14:32
77.08,1548340324,1/24/19 14:32
77.55,1548340325,1/24/19 14:32
78.03,1548340325,1/24/19 14:32
78.28,1548340326,1/24/19 14:32
78.52,1548340327,1/24/19 14:32
78.75,1548340327,1/24/19 14:32
78.95,1548340328,1/24/19 14:32
79.05,1548340329,1/24/19 14:32
79.18,1548340329,1/24/19 14:32
79.17,1548340330,1/24/19 14:32
79.18,1548340331,1/24/19 14:32
79.18,1548340332,1/24/19 14:32
79.17,1548340332,1/24/19 14:32
79.15,1548340333,1/24/19 14:32
79.12,1548340334,1/24/19 14:32
79.1,1548340335,1/24/19 14:32
79.08,1548340335,1/24/19 14:32
79.02,1548340336,1/24/19 14:32
78.93,1548340337,1/24/19 14:32
78.9,1548340338,1/24/19 14:32
78.83,1548340339,1/24/19 14:32
78.77,1548340339,1/24/19 14:32
78.72,1548340340,1/24/19 14:32
78.7,1548340340,1/24/19 14:32
78.82,1548340340,1/24/19 14:32
78.95,1548340341,1/24/19 14:32
79.13,1548340341,1/24/19 14:32
79.33,1548340342,1/24/19 14:32
79.73,1548340343,1/24/19 14:32
80.13,1548340344,1/24/19 14:32
80.47,1548340344,1/24/19 14:32
80.83,1548340345,1/24/19 14:32
81.22,1548340345,1/24/19 14:32
81.57,1548340346,1/24/19 14:32
81.9,1548340347,1/24/19 14:32
82.15,1548340348,1/24/19 14:32
82.2,1548340348,1/24/19 14:32
82.25,1548340349,1/24/19 14:32
82.35,1548340350,1/24/19 14:32
82.4,1548340350,1/24/19 14:32
82.45,1548340351,1/24/19 14:32
82.38,1548340352,1/24/19 14:32
82.32,1548340352,1/24/19 14:32
82.23,1548340352,1/24/19 14:32
82.15,1548340353,1/24/19 14:32
81.95,1548340354,1/24/19 14:32
81.92,1548340354,1/24/19 14:32
81.87,1548340355,1/24/19 14:32
81.83,1548340356,1/24/19 14:32
81.82,1548340356,1/24/19 14:32
81.87,1548340357,1/24/19 14:32
82.02,1548340358,1/24/19 14:32
82.22,1548340358,1/24/19 14:32
82.45,1548340359,1/24/19 14:32
82.6,1548340360,1/24/19 14:32
82.75,1548340360,1/24/19 14:32
82.92,1548340360,1/24/19 14:32
83.08,1548340361,1/24/19 14:32
83.15,1548340361,1/24/19 14:32
83.27,1548340362,1/24/19 14:32
83.35,1548340362,1/24/19 14:32
83.42,1548340363,1/24/19 14:32
83.52,1548340363,1/24/19 14:32
83.6,1548340364,1/24/19 14:32
83.67,1548340365,1/24/19 14:32
83.68,1548340366,1/24/19 14:32
83.68,1548340367,1/24/19 14:32
83.72,1548340368,1/24/19 14:32
83.72,1548340368,1/24/19 14:32
83.77,1548340368,1/24/19 14:32
83.8,1548340369,1/24/19 14:32
83.83,1548340369,1/24/19 14:32
83.88,1548340369,1/24/19 14:32
83.93,1548340370,1/24/19 14:32
83.98,1548340370,1/24/19 14:32
84,1548340371,1/24/19 14:32
83.98,1548340371,1/24/19 14:32
84.02,1548340372,1/24/19 14:32
84.07,1548340373,1/24/19 14:32
84.12,1548340373,1/24/19 14:32
84.18,1548340374,1/24/19 14:32
84.25,1548340374,1/24/19 14:32
84.3,1548340375,1/24/19 14:32
84.3,1548340376,1/24/19 14:32
84.28,1548340376,1/24/19 14:32
84.27,1548340377,1/24/19 14:32
84.23,1548340378,1/24/19 14:32
84.22,1548340378,1/24/19 14:32
84.2,1548340378,1/24/19 14:32
84.2,1548340379,1/24/19 14:32
84.2,1548340380,1/24/19 14:33
84.22,1548340381,1/24/19 14:33
84.23,1548340381,1/24/19 14:33
84.28,1548340382,1/24/19 14:33
84.32,1548340382,1/24/19 14:33
84.42,1548340383,1/24/19 14:33
84.53,1548340383,1/24/19 14:33
84.67,1548340384,1/24/19 14:33
84.85,1548340384,1/24/19 14:33
85.05,1548340385,1/24/19 14:33
85.3,1548340385,1/24/19 14:33
85.63,1548340386,1/24/19 14:33
85.97,1548340386,1/24/19 14:33
86.32,1548340387,1/24/19 14:33
86.68,1548340387,1/24/19 14:33
86.97,1548340387,1/24/19 14:33
87.12,1548340388,1/24/19 14:33
87.23,1548340388,1/24/19 14:33
87.32,1548340389,1/24/19 14:33
87.33,1548340390,1/24/19 14:33
87.33,1548340390,1/24/19 14:33
87.32,1548340391,1/24/19 14:33
87.27,1548340392,1/24/19 14:33
87.23,1548340392,1/24/19 14:33
87.07,1548340393,1/24/19 14:33
86.93,1548340393,1/24/19 14:33
86.82,1548340394,1/24/19 14:33
86.73,1548340394,1/24/19 14:33
86.67,1548340395,1/24/19 14:33
86.55,1548340396,1/24/19 14:33
86.47,1548340397,1/24/19 14:33
86.37,1548340397,1/24/19 14:33
86.25,1548340398,1/24/19 14:33
86.13,1548340398,1/24/19 14:33
86.02,1548340399,1/24/19 14:33
85.9,1548340399,1/24/19 14:33
85.8,1548340400,1/24/19 14:33
85.7,1548340401,1/24/19 14:33
85.58,1548340401,1/24/19 14:33
85.43,1548340402,1/24/19 14:33
85.27,1548340402,1/24/19 14:33
85.12,1548340403,1/24/19 14:33
84.98,1548340404,1/24/19 14:33
84.88,1548340404,1/24/19 14:33
84.82,1548340405,1/24/19 14:33
84.77,1548340406,1/24/19 14:33
84.72,1548340406,1/24/19 14:33
84.67,1548340407,1/24/19 14:33
84.62,1548340408,1/24/19 14:33
84.57,1548340409,1/24/19 14:33
84.52,1548340409,1/24/19 14:33
84.47,1548340409,1/24/19 14:33
84.43,1548340410,1/24/19 14:33
84.4,1548340410,1/24/19 14:33
84.4,1548340411,1/24/19 14:33
84.38,1548340411,1/24/19 14:33
84.35,1548340412,1/24/19 14:33
84.32,1548340412,1/24/19 14:33
84.27,1548340413,1/24/19 14:33
84.22,1548340414,1/24/19 14:33
84.23,1548340415,1/24/19 14:33
84.27,1548340415,1/24/19 14:33
84.32,1548340416,1/24/19 14:33
84.35,1548340417,1/24/19 14:33
84.4,1548340417,1/24/19 14:33
84.42,1548340418,1/24/19 14:33
84.45,1548340419,1/24/19 14:33
84.45,1548340420,1/24/19 14:33
84.38,1548340420,1/24/19 14:33
84.33,1548340421,1/24/19 14:33
84.3,1548340422,1/24/19 14:33
84.27,1548340423,1/24/19 14:33
84.23,1548340423,1/24/19 14:33
84.2,1548340424,1/24/19 14:33
84.18,1548340424,1/24/19 14:33
84.22,1548340425,1/24/19 14:33
84.25,1548340425,1/24/19 14:33
84.32,1548340426,1/24/19 14:33
84.38,1548340426,1/24/19 14:33
84.47,1548340426,1/24/19 14:33
84.55,1548340427,1/24/19 14:33
84.65,1548340428,1/24/19 14:33
84.77,1548340428,1/24/19 14:33
84.87,1548340428,1/24/19 14:33
85.1,1548340429,1/24/19 14:33
85.3,1548340429,1/24/19 14:33
85.47,1548340429,1/24/19 14:33
85.6,1548340430,1/24/19 14:33
85.72,1548340430,1/24/19 14:33
85.83,1548340431,1/24/19 14:33
85.95,1548340431,1/24/19 14:33
86.08,1548340432,1/24/19 14:33
86.22,1548340433,1/24/19 14:33
86.35,1548340434,1/24/19 14:33
86.43,1548340435,1/24/19 14:33
86.52,1548340435,1/24/19 14:33
86.6,1548340436,1/24/19 14:33
86.73,1548340436,1/24/19 14:33
86.82,1548340437,1/24/19 14:33
86.87,1548340438,1/24/19 14:33
86.88,1548340438,1/24/19 14:33
86.9,1548340439,1/24/19 14:33
86.9,1548340439,1/24/19 14:33
86.75,1548340440,1/24/19 14:34
86.57,1548340440,1/24/19 14:34
86.38,1548340440,1/24/19 14:34
86.22,1548340441,1/24/19 14:34
86.05,1548340442,1/24/19 14:34
85.95,1548340442,1/24/19 14:34
85.85,1548340442,1/24/19 14:34
85.68,1548340443,1/24/19 14:34
85.55,1548340443,1/24/19 14:34
85.62,1548340443,1/24/19 14:34
85.67,1548340444,1/24/19 14:34
85.68,1548340444,1/24/19 14:34
85.72,1548340445,1/24/19 14:34
85.73,1548340445,1/24/19 14:34
85.73,1548340445,1/24/19 14:34
85.75,1548340446,1/24/19 14:34
85.72,1548340446,1/24/19 14:34
85.7,1548340447,1/24/19 14:34
85.65,1548340447,1/24/19 14:34
85.58,1548340448,1/24/19 14:34
85.53,1548340448,1/24/19 14:34
85.47,1548340449,1/24/19 14:34
85.45,1548340449,1/24/19 14:34
85.45,1548340450,1/24/19 14:34
85.45,1548340450,1/24/19 14:34
85.5,1548340451,1/24/19 14:34
85.55,1548340451,1/24/19 14:34
85.57,1548340452,1/24/19 14:34
85.58,1548340452,1/24/19 14:34
85.6,1548340453,1/24/19 14:34
85.6,1548340454,1/24/19 14:34
85.58,1548340455,1/24/19 14:34
85.58,1548340455,1/24/19 14:34
85.53,1548340456,1/24/19 14:34
85.47,1548340456,1/24/19 14:34
85.4,1548340456,1/24/19 14:34
85.35,1548340457,1/24/19 14:34
85.28,1548340458,1/24/19 14:34
85.2,1548340458,1/24/19 14:34
85.12,1548340459,1/24/19 14:34
85.03,1548340460,1/24/19 14:34
84.95,1548340460,1/24/19 14:34
84.88,1548340461,1/24/19 14:34
84.8,1548340461,1/24/19 14:34
84.75,1548340461,1/24/19 14:34
84.7,1548340462,1/24/19 14:34
84.65,1548340462,1/24/19 14:34
84.62,1548340462,1/24/19 14:34
84.57,1548340462,1/24/19 14:34
84.52,1548340463,1/24/19 14:34
84.47,1548340463,1/24/19 14:34
84.45,1548340464,1/24/19 14:34
84.43,1548340464,1/24/19 14:34
84.38,1548340465,1/24/19 14:34
84.33,1548340465,1/24/19 14:34
84.35,1548340465,1/24/19 14:34
84.37,1548340466,1/24/19 14:34
84.43,1548340467,1/24/19 14:34
84.45,1548340467,1/24/19 14:34
84.47,1548340467,1/24/19 14:34
84.63,1548340468,1/24/19 14:34
84.75,1548340469,1/24/19 14:34
84.88,1548340469,1/24/19 14:34
85.02,1548340470,1/24/19 14:34
85.2,1548340471,1/24/19 14:34
85.32,1548340472,1/24/19 14:34
85.37,1548340472,1/24/19 14:34
85.42,1548340473,1/24/19 14:34
85.5,1548340473,1/24/19 14:34
85.4,1548340473,1/24/19 14:34
85.18,1548340474,1/24/19 14:34
84.98,1548340474,1/24/19 14:34
84.8,1548340475,1/24/19 14:34
84.6,1548340475,1/24/19 14:34
84.38,1548340476,1/24/19 14:34
84.17,1548340477,1/24/19 14:34
83.97,1548340479,1/24/19 14:34
83.73,1548340480,1/24/19 14:34
83.73,1548340480,1/24/19 14:34
83.72,1548340481,1/24/19 14:34
83.7,1548340482,1/24/19 14:34
83.7,1548340483,1/24/19 14:34
83.67,1548340484,1/24/19 14:34
83.6,1548340484,1/24/19 14:34
83.53,1548340485,1/24/19 14:34
83.43,1548340486,1/24/19 14:34
83.35,1548340486,1/24/19 14:34
83.25,1548340487,1/24/19 14:34
83.17,1548340488,1/24/19 14:34
83.1,1548340488,1/24/19 14:34
83.17,1548340489,1/24/19 14:34
83.3,1548340490,1/24/19 14:34
83.43,1548340490,1/24/19 14:34
83.62,1548340491,1/24/19 14:34
83.82,1548340492,1/24/19 14:34
84.03,1548340493,1/24/19 14:34
84.25,1548340494,1/24/19 14:34
84.42,1548340494,1/24/19 14:34
84.53,1548340495,1/24/19 14:34
84.62,1548340496,1/24/19 14:34
84.7,1548340497,1/24/19 14:34
84.77,1548340498,1/24/19 14:34
84.82,1548340498,1/24/19 14:34
84.88,1548340499,1/24/19 14:34
84.87,1548340500,1/24/19 14:35
84.87,1548340500,1/24/19 14:35
84.9,1548340501,1/24/19 14:35
84.9,1548340501,1/24/19 14:35
84.9,1548340502,1/24/19 14:35
84.88,1548340503,1/24/19 14:35
84.88,1548340504,1/24/19 14:35
84.85,1548340504,1/24/19 14:35
84.78,1548340505,1/24/19 14:35
84.8,1548340505,1/24/19 14:35
84.75,1548340506,1/24/19 14:35
84.72,1548340507,1/24/19 14:35
84.72,1548340507,1/24/19 14:35
84.73,1548340508,1/24/19 14:35
84.73,1548340508,1/24/19 14:35
84.78,1548340509,1/24/19 14:35
84.82,1548340510,1/24/19 14:35
84.9,1548340510,1/24/19 14:35
84.93,1548340511,1/24/19 14:35
84.98,1548340511,1/24/19 14:35
84.98,1548340512,1/24/19 14:35
84.98,1548340513,1/24/19 14:35
85.05,1548340513,1/24/19 14:35
85.2,1548340514,1/24/19 14:35
85.28,1548340515,1/24/19 14:35
85.32,1548340516,1/24/19 14:35
85.43,1548340516,1/24/19 14:35
85.52,1548340517,1/24/19 14:35
85.57,1548340518,1/24/19 14:35
85.67,1548340519,1/24/19 14:35
85.77,1548340519,1/24/19 14:35
85.82,1548340520,1/24/19 14:35
85.88,1548340521,1/24/19 14:35
85.95,1548340522,1/24/19 14:35
85.85,1548340522,1/24/19 14:35
85.8,1548340523,1/24/19 14:35
85.73,1548340524,1/24/19 14:35
85.67,1548340525,1/24/19 14:35
85.6,1548340525,1/24/19 14:35
85.58,1548340526,1/24/19 14:35
85.68,1548340527,1/24/19 14:35
85.77,1548340528,1/24/19 14:35
85.83,1548340528,1/24/19 14:35
85.9,1548340529,1/24/19 14:35
85.95,1548340530,1/24/19 14:35
85.98,1548340530,1/24/19 14:35
85.9,1548340531,1/24/19 14:35
85.77,1548340532,1/24/19 14:35
85.67,1548340532,1/24/19 14:35
85.53,1548340533,1/24/19 14:35
85.37,1548340533,1/24/19 14:35
85.2,1548340534,1/24/19 14:35
85.02,1548340534,1/24/19 14:35
84.85,1548340535,1/24/19 14:35
84.72,1548340535,1/24/19 14:35
84.6,1548340536,1/24/19 14:35
84.48,1548340536,1/24/19 14:35
84.38,1548340536,1/24/19 14:35
84.27,1548340537,1/24/19 14:35
84.15,1548340537,1/24/19 14:35
84.03,1548340537,1/24/19 14:35
83.9,1548340538,1/24/19 14:35
83.73,1548340539,1/24/19 14:35
83.55,1548340540,1/24/19 14:35
83.37,1548340540,1/24/19 14:35
83.18,1548340541,1/24/19 14:35
82.98,1548340541,1/24/19 14:35
82.83,1548340542,1/24/19 14:35
82.72,1548340542,1/24/19 14:35
82.55,1548340543,1/24/19 14:35
82.4,1548340543,1/24/19 14:35
82.17,1548340544,1/24/19 14:35
81.93,1548340545,1/24/19 14:35
81.62,1548340545,1/24/19 14:35
81.37,1548340546,1/24/19 14:35
81.08,1548340546,1/24/19 14:35
80.77,1548340547,1/24/19 14:35
80.37,1548340547,1/24/19 14:35
79.95,1548340547,1/24/19 14:35
79.65,1548340548,1/24/19 14:35
79.35,1548340548,1/24/19 14:35
79.03,1548340549,1/24/19 14:35
78.95,1548340549,1/24/19 14:35
78.87,1548340550,1/24/19 14:35
78.77,1548340551,1/24/19 14:35
78.7,1548340551,1/24/19 14:35
78.68,1548340552,1/24/19 14:35
78.67,1548340553,1/24/19 14:35
78.58,1548340553,1/24/19 14:35
78.57,1548340554,1/24/19 14:35
78.55,1548340555,1/24/19 14:35
78.57,1548340556,1/24/19 14:35
78.57,1548340556,1/24/19 14:35
78.57,1548340557,1/24/19 14:35
78.48,1548340557,1/24/19 14:35
78.42,1548340558,1/24/19 14:35
78.35,1548340558,1/24/19 14:35
78.28,1548340559,1/24/19 14:35
78.22,1548340560,1/24/19 14:36
78.15,1548340560,1/24/19 14:36
78.02,1548340561,1/24/19 14:36
77.92,1548340562,1/24/19 14:36
77.83,1548340563,1/24/19 14:36
77.78,1548340563,1/24/19 14:36
77.73,1548340564,1/24/19 14:36
77.6,1548340564,1/24/19 14:36
77.47,1548340565,1/24/19 14:36
77.33,1548340565,1/24/19 14:36
77.15,1548340566,1/24/19 14:36
76.98,1548340566,1/24/19 14:36
76.88,1548340567,1/24/19 14:36
76.78,1548340567,1/24/19 14:36
76.7,1548340567,1/24/19 14:36
76.62,1548340568,1/24/19 14:36
76.55,1548340568,1/24/19 14:36
76.52,1548340568,1/24/19 14:36
76.48,1548340569,1/24/19 14:36
76.47,1548340569,1/24/19 14:36
76.48,1548340570,1/24/19 14:36
76.52,1548340571,1/24/19 14:36
76.6,1548340571,1/24/19 14:36
76.7,1548340572,1/24/19 14:36
76.82,1548340573,1/24/19 14:36
76.98,1548340573,1/24/19 14:36
77.15,1548340574,1/24/19 14:36
77.33,1548340574,1/24/19 14:36
77.52,1548340575,1/24/19 14:36
77.68,1548340576,1/24/19 14:36
77.85,1548340576,1/24/19 14:36
78,1548340577,1/24/19 14:36
78.13,1548340577,1/24/19 14:36
78.33,1548340578,1/24/19 14:36
78.53,1548340578,1/24/19 14:36
78.78,1548340579,1/24/19 14:36
79.05,1548340580,1/24/19 14:36
79.32,1548340581,1/24/19 14:36
79.6,1548340581,1/24/19 14:36
79.95,1548340582,1/24/19 14:36
80.33,1548340582,1/24/19 14:36
80.58,1548340583,1/24/19 14:36
80.8,1548340584,1/24/19 14:36
81.03,1548340585,1/24/19 14:36
81.02,1548340585,1/24/19 14:36
81,1548340586,1/24/19 14:36
81,1548340586,1/24/19 14:36
81,1548340586,1/24/19 14:36
80.97,1548340587,1/24/19 14:36
80.9,1548340588,1/24/19 14:36
80.93,1548340589,1/24/19 14:36
80.92,1548340590,1/24/19 14:36
80.9,1548340591,1/24/19 14:36
80.88,1548340591,1/24/19 14:36
80.97,1548340592,1/24/19 14:36
81.03,1548340593,1/24/19 14:36
81.13,1548340593,1/24/19 14:36
81.2,1548340594,1/24/19 14:36
81.28,1548340594,1/24/19 14:36
81.32,1548340595,1/24/19 14:36
81.37,1548340595,1/24/19 14:36
81.43,1548340596,1/24/19 14:36
81.52,1548340597,1/24/19 14:36
81.58,1548340598,1/24/19 14:36
81.65,1548340599,1/24/19 14:36
81.68,1548340599,1/24/19 14:36
81.72,1548340600,1/24/19 14:36
81.73,1548340601,1/24/19 14:36
81.78,1548340601,1/24/19 14:36
81.83,1548340601,1/24/19 14:36
81.9,1548340602,1/24/19 14:36
81.95,1548340603,1/24/19 14:36
81.93,1548340603,1/24/19 14:36
81.88,1548340604,1/24/19 14:36
81.82,1548340605,1/24/19 14:36
81.75,1548340606,1/24/19 14:36
81.7,1548340606,1/24/19 14:36
81.63,1548340607,1/24/19 14:36
81.57,1548340608,1/24/19 14:36
81.48,1548340608,1/24/19 14:36
81.4,1548340609,1/24/19 14:36
81.33,1548340609,1/24/19 14:36
81.27,1548340611,1/24/19 14:36
81.18,1548340611,1/24/19 14:36
81.12,1548340612,1/24/19 14:36
80.98,1548340613,1/24/19 14:36
80.87,1548340614,1/24/19 14:36
80.75,1548340614,1/24/19 14:36
80.58,1548340615,1/24/19 14:36
80.43,1548340617,1/24/19 14:36
80.3,1548340617,1/24/19 14:36
80.15,1548340618,1/24/19 14:36
80.02,1548340619,1/24/19 14:36
79.88,1548340619,1/24/19 14:36
79.7,1548340619,1/24/19 14:36
79.5,1548340620,1/24/19 14:37
79.27,1548340621,1/24/19 14:37
79.03,1548340622,1/24/19 14:37
78.8,1548340622,1/24/19 14:37
78.58,1548340623,1/24/19 14:37
78.4,1548340624,1/24/19 14:37
78.18,1548340624,1/24/19 14:37
78,1548340625,1/24/19 14:37
77.7,1548340626,1/24/19 14:37
77.43,1548340627,1/24/19 14:37
77.23,1548340627,1/24/19 14:37
77.02,1548340628,1/24/19 14:37
76.82,1548340629,1/24/19 14:37
76.62,1548340630,1/24/19 14:37
76.45,1548340631,1/24/19 14:37
76.35,1548340632,1/24/19 14:37
76.25,1548340633,1/24/19 14:37
76.18,1548340633,1/24/19 14:37
76.03,1548340634,1/24/19 14:37
75.83,1548340635,1/24/19 14:37
75.7,1548340635,1/24/19 14:37
75.57,1548340635,1/24/19 14:37
75.47,1548340636,1/24/19 14:37
75.35,1548340637,1/24/19 14:37
75.25,1548340638,1/24/19 14:37
75.05,1548340639,1/24/19 14:37
74.72,1548340639,1/24/19 14:37
74.32,1548340639,1/24/19 14:37
74.02,1548340640,1/24/19 14:37
73.78,1548340641,1/24/19 14:37
73.6,1548340642,1/24/19 14:37
73.4,1548340643,1/24/19 14:37
73.32,1548340643,1/24/19 14:37
73.18,1548340643,1/24/19 14:37
73.05,1548340644,1/24/19 14:37
73,1548340645,1/24/19 14:37
72.92,1548340645,1/24/19 14:37
72.85,1548340645,1/24/19 14:37
72.8,1548340647,1/24/19 14:37
72.77,1548340647,1/24/19 14:37
72.77,1548340649,1/24/19 14:37
72.77,1548340650,1/24/19 14:37
72.85,1548340650,1/24/19 14:37
72.93,1548340651,1/24/19 14:37
73.02,1548340652,1/24/19 14:37
73.13,1548340653,1/24/19 14:37
73.23,1548340654,1/24/19 14:37
73.35,1548340655,1/24/19 14:37
73.45,1548340655,1/24/19 14:37
73.53,1548340656,1/24/19 14:37
73.65,1548340657,1/24/19 14:37
73.75,1548340657,1/24/19 14:37
73.83,1548340658,1/24/19 14:37
74,1548340659,1/24/19 14:37
74.18,1548340659,1/24/19 14:37
74.35,1548340661,1/24/19 14:37
74.57,1548340661,1/24/19 14:37
74.8,1548340661,1/24/19 14:37
75.05,1548340662,1/24/19 14:37
75.33,1548340662,1/24/19 14:37
75.67,1548340664,1/24/19 14:37
76,1548340664,1/24/19 14:37
76.32,1548340664,1/24/19 14:37
76.63,1548340665,1/24/19 14:37
76.95,1548340666,1/24/19 14:37
77.22,1548340666,1/24/19 14:37
77.53,1548340667,1/24/19 14:37
77.83,1548340668,1/24/19 14:37
78.25,1548340668,1/24/19 14:37
78.63,1548340668,1/24/19 14:37
78.95,1548340669,1/24/19 14:37
79.27,1548340670,1/24/19 14:37
79.58,1548340671,1/24/19 14:37
79.97,1548340671,1/24/19 14:37
80.37,1548340672,1/24/19 14:37
80.68,1548340672,1/24/19 14:37
80.98,1548340673,1/24/19 14:37
81.27,1548340673,1/24/19 14:37
81.6,1548340675,1/24/19 14:37
81.87,1548340675,1/24/19 14:37
82.07,1548340676,1/24/19 14:37
82.25,1548340677,1/24/19 14:37
82.4,1548340678,1/24/19 14:37
82.53,1548340679,1/24/19 14:37
82.68,1548340680,1/24/19 14:38
82.93,1548340680,1/24/19 14:38
83.28,1548340681,1/24/19 14:38
83.65,1548340682,1/24/19 14:38
83.93,1548340683,1/24/19 14:38
84.12,1548340683,1/24/19 14:38
84.28,1548340684,1/24/19 14:38
84.47,1548340684,1/24/19 14:38
84.63,1548340684,1/24/19 14:38
84.82,1548340685,1/24/19 14:38
84.98,1548340686,1/24/19 14:38
85.05,1548340686,1/24/19 14:38
85.13,1548340687,1/24/19 14:38
85.23,1548340687,1/24/19 14:38
85.33,1548340687,1/24/19 14:38
85.4,1548340688,1/24/19 14:38
85.48,1548340689,1/24/19 14:38
85.57,1548340689,1/24/19 14:38
85.57,1548340690,1/24/19 14:38
85.58,1548340691,1/24/19 14:38
85.6,1548340691,1/24/19 14:38
85.57,1548340692,1/24/19 14:38
85.52,1548340692,1/24/19 14:38
85.45,1548340693,1/24/19 14:38
85.35,1548340694,1/24/19 14:38
85.25,1548340694,1/24/19 14:38
85.17,1548340695,1/24/19 14:38
85.05,1548340695,1/24/19 14:38
85,1548340695,1/24/19 14:38
84.92,1548340696,1/24/19 14:38
84.82,1548340697,1/24/19 14:38
84.72,1548340697,1/24/19 14:38
84.6,1548340698,1/24/19 14:38
84.5,1548340699,1/24/19 14:38
84.4,1548340699,1/24/19 14:38
84.3,1548340700,1/24/19 14:38
84.17,1548340701,1/24/19 14:38
84.03,1548340702,1/24/19 14:38
83.95,1548340702,1/24/19 14:38
83.83,1548340703,1/24/19 14:38
83.68,1548340704,1/24/19 14:38
83.55,1548340704,1/24/19 14:38
83.43,1548340704,1/24/19 14:38
83.37,1548340705,1/24/19 14:38
83.32,1548340705,1/24/19 14:38
83.27,1548340706,1/24/19 14:38
83.22,1548340707,1/24/19 14:38
83.15,1548340707,1/24/19 14:38
83.08,1548340708,1/24/19 14:38
82.98,1548340708,1/24/19 14:38
82.87,1548340709,1/24/19 14:38
82.75,1548340711,1/24/19 14:38
82.63,1548340711,1/24/19 14:38
82.53,1548340712,1/24/19 14:38
82.47,1548340713,1/24/19 14:38
82.43,1548340713,1/24/19 14:38
82.42,1548340714,1/24/19 14:38
82.38,1548340715,1/24/19 14:38
82.33,1548340716,1/24/19 14:38
82.28,1548340716,1/24/19 14:38
82.22,1548340717,1/24/19 14:38
82.15,1548340718,1/24/19 14:38
82.1,1548340718,1/24/19 14:38
82.05,1548340719,1/24/19 14:38
82,1548340720,1/24/19 14:38
81.98,1548340720,1/24/19 14:38
81.95,1548340720,1/24/19 14:38
81.93,1548340721,1/24/19 14:38
81.95,1548340721,1/24/19 14:38
81.97,1548340722,1/24/19 14:38
81.98,1548340722,1/24/19 14:38
82.02,1548340723,1/24/19 14:38
82.03,1548340723,1/24/19 14:38
82.02,1548340724,1/24/19 14:38
82,1548340725,1/24/19 14:38
82.02,1548340725,1/24/19 14:38
81.98,1548340726,1/24/19 14:38
81.93,1548340727,1/24/19 14:38
81.9,1548340728,1/24/19 14:38
81.85,1548340728,1/24/19 14:38
81.85,1548340729,1/24/19 14:38
81.87,1548340730,1/24/19 14:38
81.9,1548340730,1/24/19 14:38
81.95,1548340730,1/24/19 14:38
82.05,1548340731,1/24/19 14:38
82.15,1548340732,1/24/19 14:38
82.23,1548340732,1/24/19 14:38
82.32,1548340732,1/24/19 14:38
82.35,1548340733,1/24/19 14:38
82.38,1548340734,1/24/19 14:38
82.42,1548340734,1/24/19 14:38
82.45,1548340735,1/24/19 14:38
82.48,1548340736,1/24/19 14:38
82.48,1548340736,1/24/19 14:38
82.48,1548340737,1/24/19 14:38
82.43,1548340737,1/24/19 14:38
82.4,1548340738,1/24/19 14:38
82.37,1548340739,1/24/19 14:38
82.32,1548340739,1/24/19 14:38
82.32,1548340740,1/24/19 14:39
82.37,1548340741,1/24/19 14:39
82.45,1548340741,1/24/19 14:39
82.52,1548340742,1/24/19 14:39
82.55,1548340743,1/24/19 14:39
82.57,1548340744,1/24/19 14:39
82.55,1548340744,1/24/19 14:39
82.53,1548340744,1/24/19 14:39
82.53,1548340745,1/24/19 14:39
82.52,1548340746,1/24/19 14:39
82.5,1548340746,1/24/19 14:39
82.5,1548340747,1/24/19 14:39
82.48,1548340748,1/24/19 14:39
82.47,1548340749,1/24/19 14:39
82.45,1548340749,1/24/19 14:39
82.42,1548340750,1/24/19 14:39
82.38,1548340750,1/24/19 14:39
82.35,1548340751,1/24/19 14:39
82.33,1548340751,1/24/19 14:39
82.32,1548340751,1/24/19 14:39
82.3,1548340752,1/24/19 14:39
82.3,1548340753,1/24/19 14:39
82.28,1548340753,1/24/19 14:39
82.25,1548340754,1/24/19 14:39
82.23,1548340754,1/24/19 14:39
82.2,1548340755,1/24/19 14:39
82.15,1548340755,1/24/19 14:39
82.1,1548340756,1/24/19 14:39
82.03,1548340756,1/24/19 14:39
81.95,1548340757,1/24/19 14:39
81.87,1548340758,1/24/19 14:39
81.82,1548340759,1/24/19 14:39
81.77,1548340759,1/24/19 14:39
81.73,1548340760,1/24/19 14:39
81.72,1548340760,1/24/19 14:39
81.68,1548340761,1/24/19 14:39
81.57,1548340762,1/24/19 14:39
81.52,1548340763,1/24/19 14:39
81.47,1548340763,1/24/19 14:39
81.42,1548340765,1/24/19 14:39
81.37,1548340765,1/24/19 14:39
81.27,1548340766,1/24/19 14:39
81.15,1548340767,1/24/19 14:39
81.03,1548340767,1/24/19 14:39
80.92,1548340768,1/24/19 14:39
80.75,1548340770,1/24/19 14:39
80.62,1548340771,1/24/19 14:39
80.52,1548340772,1/24/19 14:39
80.45,1548340772,1/24/19 14:39
80.4,1548340773,1/24/19 14:39
80.33,1548340774,1/24/19 14:39
80.23,1548340774,1/24/19 14:39
80.17,1548340775,1/24/19 14:39
80.05,1548340777,1/24/19 14:39
79.95,1548340777,1/24/19 14:39
79.82,1548340778,1/24/19 14:39
79.75,1548340778,1/24/19 14:39
79.72,1548340779,1/24/19 14:39
79.63,1548340780,1/24/19 14:39
79.52,1548340780,1/24/19 14:39
79.37,1548340780,1/24/19 14:39
79.18,1548340781,1/24/19 14:39
78.98,1548340781,1/24/19 14:39
78.75,1548340782,1/24/19 14:39
78.53,1548340783,1/24/19 14:39
78.33,1548340784,1/24/19 14:39
78.18,1548340784,1/24/19 14:39
78.05,1548340785,1/24/19 14:39
77.97,1548340785,1/24/19 14:39
77.92,1548340786,1/24/19 14:39
77.9,1548340786,1/24/19 14:39
77.88,1548340787,1/24/19 14:39
77.88,1548340787,1/24/19 14:39
77.9,1548340788,1/24/19 14:39
77.9,1548340789,1/24/19 14:39
77.92,1548340789,1/24/19 14:39
77.92,1548340789,1/24/19 14:39
77.9,1548340790,1/24/19 14:39
77.92,1548340791,1/24/19 14:39
77.97,1548340792,1/24/19 14:39
78.03,1548340793,1/24/19 14:39
78.08,1548340793,1/24/19 14:39
78.15,1548340794,1/24/19 14:39
78.22,1548340795,1/24/19 14:39
78.27,1548340795,1/24/19 14:39
78.33,1548340795,1/24/19 14:39
78.35,1548340796,1/24/19 14:39
78.33,1548340797,1/24/19 14:39
78.33,1548340798,1/24/19 14:39
78.35,1548340798,1/24/19 14:39
78.37,1548340799,1/24/19 14:39
78.33,1548340799,1/24/19 14:39
78.27,1548340800,1/24/19 14:40
78.23,1548340801,1/24/19 14:40
78.18,1548340801,1/24/19 14:40
78.22,1548340802,1/24/19 14:40
78.35,1548340803,1/24/19 14:40
78.42,1548340803,1/24/19 14:40
78.47,1548340804,1/24/19 14:40
78.5,1548340805,1/24/19 14:40
78.52,1548340806,1/24/19 14:40
78.55,1548340806,1/24/19 14:40
78.62,1548340807,1/24/19 14:40
78.63,1548340808,1/24/19 14:40
78.63,1548340809,1/24/19 14:40
78.7,1548340809,1/24/19 14:40
78.78,1548340809,1/24/19 14:40
78.88,1548340810,1/24/19 14:40
78.93,1548340811,1/24/19 14:40
78.9,1548340812,1/24/19 14:40
78.9,1548340812,1/24/19 14:40
78.98,1548340813,1/24/19 14:40
79.08,1548340814,1/24/19 14:40
79.22,1548340814,1/24/19 14:40
79.3,1548340814,1/24/19 14:40
79.35,1548340815,1/24/19 14:40
79.38,1548340816,1/24/19 14:40
79.4,1548340817,1/24/19 14:40
79.4,1548340817,1/24/19 14:40
79.37,1548340817,1/24/19 14:40
79.33,1548340818,1/24/19 14:40
79.28,1548340819,1/24/19 14:40
79.23,1548340819,1/24/19 14:40
79.18,1548340819,1/24/19 14:40
79.12,1548340820,1/24/19 14:40
78.97,1548340821,1/24/19 14:40
78.8,1548340821,1/24/19 14:40
78.68,1548340822,1/24/19 14:40
78.5,1548340823,1/24/19 14:40
78.27,1548340824,1/24/19 14:40
78.02,1548340824,1/24/19 14:40
77.78,1548340825,1/24/19 14:40
77.55,1548340825,1/24/19 14:40
77.48,1548340826,1/24/19 14:40
77.42,1548340827,1/24/19 14:40
77.38,1548340827,1/24/19 14:40
77.38,1548340828,1/24/19 14:40
77.47,1548340828,1/24/19 14:40
77.5,1548340829,1/24/19 14:40
77.52,1548340830,1/24/19 14:40
77.53,1548340831,1/24/19 14:40
77.6,1548340831,1/24/19 14:40
77.67,1548340832,1/24/19 14:40
77.77,1548340832,1/24/19 14:40
77.85,1548340833,1/24/19 14:40
77.9,1548340834,1/24/19 14:40
77.98,1548340834,1/24/19 14:40
78.03,1548340835,1/24/19 14:40
78.07,1548340836,1/24/19 14:40
78.08,1548340837,1/24/19 14:40
78.1,1548340837,1/24/19 14:40
78.13,1548340838,1/24/19 14:40
78.22,1548340838,1/24/19 14:40
78.32,1548340839,1/24/19 14:40
78.38,1548340840,1/24/19 14:40
78.4,1548340840,1/24/19 14:40
78.43,1548340841,1/24/19 14:40
78.47,1548340842,1/24/19 14:40
78.47,1548340842,1/24/19 14:40
78.38,1548340843,1/24/19 14:40
78.33,1548340844,1/24/19 14:40
78.25,1548340845,1/24/19 14:40
78.13,1548340845,1/24/19 14:40
78.05,1548340845,1/24/19 14:40
77.88,1548340846,1/24/19 14:40
77.7,1548340846,1/24/19 14:40
77.48,1548340847,1/24/19 14:40
77.25,1548340848,1/24/19 14:40
77.05,1548340848,1/24/19 14:40
76.88,1548340849,1/24/19 14:40
76.7,1548340849,1/24/19 14:40
76.48,1548340850,1/24/19 14:40
76.3,1548340850,1/24/19 14:40
76.12,1548340851,1/24/19 14:40
75.93,1548340852,1/24/19 14:40
75.78,1548340852,1/24/19 14:40
75.65,1548340853,1/24/19 14:40
75.57,1548340854,1/24/19 14:40
75.55,1548340854,1/24/19 14:40
75.57,1548340855,1/24/19 14:40
75.73,1548340856,1/24/19 14:40
75.95,1548340856,1/24/19 14:40
76.15,1548340857,1/24/19 14:40
76.38,1548340859,1/24/19 14:40
76.62,1548340859,1/24/19 14:40
76.9,1548340860,1/24/19 14:41
77.18,1548340860,1/24/19 14:41
77.4,1548340860,1/24/19 14:41
77.67,1548340861,1/24/19 14:41
77.93,1548340862,1/24/19 14:41
78.18,1548340862,1/24/19 14:41
78.43,1548340863,1/24/19 14:41
78.67,1548340863,1/24/19 14:41
78.7,1548340863,1/24/19 14:41
78.72,1548340864,1/24/19 14:41
78.72,1548340864,1/24/19 14:41
78.7,1548340865,1/24/19 14:41
78.62,1548340866,1/24/19 14:41
78.57,1548340866,1/24/19 14:41
78.53,1548340867,1/24/19 14:41
78.5,1548340867,1/24/19 14:41
78.47,1548340868,1/24/19 14:41
78.42,1548340869,1/24/19 14:41
78.32,1548340869,1/24/19 14:41
78.22,1548340870,1/24/19 14:41
78.13,1548340871,1/24/19 14:41
78.07,1548340871,1/24/19 14:41
78.07,1548340872,1/24/19 14:41
78.07,1548340872,1/24/19 14:41
78.07,1548340873,1/24/19 14:41
78.05,1548340874,1/24/19 14:41
78.07,1548340875,1/24/19 14:41
78.12,1548340876,1/24/19 14:41
78.13,1548340876,1/24/19 14:41
78.15,1548340877,1/24/19 14:41
78.12,1548340878,1/24/19 14:41
78.08,1548340878,1/24/19 14:41
78.03,1548340879,1/24/19 14:41
78,1548340879,1/24/19 14:41
78.05,1548340880,1/24/19 14:41
78.07,1548340880,1/24/19 14:41
78.08,1548340881,1/24/19 14:41
78.18,1548340882,1/24/19 14:41
78.28,1548340883,1/24/19 14:41
78.5,1548340883,1/24/19 14:41
78.73,1548340884,1/24/19 14:41
78.92,1548340885,1/24/19 14:41
79.08,1548340885,1/24/19 14:41
79.25,1548340886,1/24/19 14:41
79.47,1548340886,1/24/19 14:41
79.7,1548340887,1/24/19 14:41
79.92,1548340888,1/24/19 14:41
80.03,1548340889,1/24/19 14:41
80.17,1548340889,1/24/19 14:41
80.35,1548340889,1/24/19 14:41
80.57,1548340889,1/24/19 14:41
80.78,1548340890,1/24/19 14:41
80.92,1548340891,1/24/19 14:41
81.05,1548340891,1/24/19 14:41
81.2,1548340891,1/24/19 14:41
81.22,1548340892,1/24/19 14:41
81.22,1548340892,1/24/19 14:41
81.22,1548340893,1/24/19 14:41
81.2,1548340893,1/24/19 14:41
81.18,1548340894,1/24/19 14:41
81.13,1548340894,1/24/19 14:41
81.08,1548340894,1/24/19 14:41
81.08,1548340895,1/24/19 14:41
81.05,1548340895,1/24/19 14:41
81.03,1548340896,1/24/19 14:41
81.02,1548340896,1/24/19 14:41
81.12,1548340897,1/24/19 14:41
81.17,1548340897,1/24/19 14:41
81.22,1548340897,1/24/19 14:41
81.28,1548340898,1/24/19 14:41